cell type A,type_1,type_2,type_3,type_4,type_5
type_1,0.9999999999999998,,,,
type_2,0.7315943082641709,1.0000000000000004,,,
type_3,0.73364242304193,0.8222353404514425,1.0,,
type_4,0.6523294655316236,0.665328538369694,0.6985829571005091,0.9999999999999999,
type_5,0.6964774573951913,0.7000640575128227,0.7260566101487516,0.6643139291895748,1.0
