cell type A,type_1,type_2,type_3,type_4,type_5
type_1,0.9999999999999996,,,,
type_2,0.4111262760636647,1.0,,,
type_3,0.4010585822799688,0.5228640766715373,1.0000000000000004,,
type_4,0.27145833763616156,0.29187003032823206,0.3300539098943216,1.0000000000000002,
type_5,0.3509077801870016,0.3254997128561516,0.3705175672338229,0.29446814257271536,1.0
