cell type A,type_1,type_2,type_3,type_4,type_5
type_1,1.0,,,,
type_2,0.3938564879838322,1.0,,,
type_3,0.38453050792334215,0.5192125897366922,0.9999999999999998,,
type_4,0.2537182825619513,0.2772759814660355,0.3143401280056327,0.9999999999999999,
type_5,0.33977394263374705,0.3096436540857368,0.36258090058235426,0.28434635113006135,1.0000000000000004
